<?xml version="1.0" encoding="UTF-8"?>
<project-private xmlns="http://www.netbeans.org/ns/project-private/1">
    <editor-bookmarks xmlns="http://www.netbeans.org/ns/editor-bookmarks/2" lastBookmarkId="0"/>
    <open-files xmlns="http://www.netbeans.org/ns/projectui-open-files/2">
        <group>
            <file>file:/C:/Users/Raul/Documents/NetBeansProjects/serializable2/src/controlador/main.java</file>
            <file>file:/C:/Users/Raul/Documents/NetBeansProjects/serializable2/src/modelo/manejoFichObject.java</file>
            <file>file:/C:/Users/Raul/Documents/NetBeansProjects/serializable2/src/vista/interfaz.java</file>
            <file>file:/C:/Users/Raul/Documents/NetBeansProjects/serializable2/src/modelo/Departamento.java</file>
            <file>file:/C:/Users/Raul/Documents/NetBeansProjects/serializable2/src/controlador/controlador.java</file>
        </group>
    </open-files>
</project-private>
